Nombre;Email;Contrase?;DNI;Prioridad
Enrique;Enrique@gmail.com;Enrique123;43719192;1
Manuel;Manuel@gmail.com;Manuel123;43719193;2
Sebastian;Sebastian@gmail.com;Sebastian123;43719194;2
Lucas;Lucas@gmail.com;Lucas123;43719195;2
Derek;Derek@gmail.com;Derek123;43719196;1
Erik;Erik@gmail.com;Erik123;43719197;2
